smoke,temp,rate,is_blocked,action
29,70,0.9,1,1
37,57,1.9,1,1
63,49,3.6,1,1
63,44,0.8,0,0
29,39,1.6,1,1
13,31,0.3,0,0
125,60,8.7,0,1
70,98,6.2,0,1
48,54,1.6,0,0
112,76,10,0,1
79,76,2.5,1,1
41,78,2.6,1,1
20,54,1.2,0,0
63,48,0.6,0,0
90,61,0.9,1,1
123,126,6.5,0,1
92,112,3.3,0,1
134,127,4.7,0,1
18,57,1.5,0,0
35,34,0.2,1,1
135,70,12.4,0,1
86,98,8,0,1
130,88,5.2,0,1
34,30,1.6,0,0
44,33,0.5,0,0
20,66,1.8,1,1
32,38,2,0,0
10,35,2.1,0,0
56,46,2.3,0,0
51,46,3.1,1,1
84,93,5,0,1
46,40,1.2,1,1
38,42,2.4,0,0
50,32,0.2,0,0
100,81,7.5,0,1
40,68,1.3,1,1
117,96,4.7,0,1
50,59,0.4,1,1
139,98,9.7,0,1
58,35,1.6,0,0
59,56,1.7,1,1
24,43,2.9,0,0
19,35,2.3,0,0
79,61,8,0,1
75,67,2.6,1,1
78,102,9.9,0,1
119,93,13.2,0,1
99,88,3.3,0,1
69,33,3.9,1,1
139,61,13.7,0,1
107,130,4.4,0,1
23,59,0.5,0,0
83,130,4.7,0,1
101,94,4.8,0,1
83,108,12.6,0,1
84,69,13.4,0,1
58,45,0.9,1,1
34,31,1.1,0,0
58,36,1.5,0,0
55,44,3,1,1
56,54,1.6,0,0
63,48,1.7,0,0
27,76,1.9,1,1
138,85,7,0,1
65,52,2.8,0,0
82,69,8.9,0,1
66,64,3.3,1,1
25,30,0.3,0,0
37,35,1.4,0,0
25,42,2,0,0
40,51,0.6,0,0
77,81,7.2,0,1
16,44,2.5,0,0
135,111,10.5,0,1
103,80,11.2,0,1
84,69,0.2,1,1
12,45,1.2,0,0
58,28,2.5,0,0
117,130,4.6,0,1
57,31,2,0,0
140,114,9.2,0,1
132,79,5.1,0,1
131,87,12.5,0,1
35,48,1.3,0,0
69,51,0.3,1,1
78,26,3.6,1,1
114,68,12.7,0,1
17,48,2.6,0,0
65,75,2.4,1,1
28,66,2.8,1,1
20,59,2.1,0,0
12,46,0.3,0,0
27,40,0.7,0,0
16,52,1.1,0,0
110,90,5.9,0,1
85,61,2.7,1,1
44,53,0.5,0,0
138,102,13.3,0,1
135,74,7.2,0,1
18,40,2.2,0,0
94,111,6.6,0,1
125,104,11,0,1
31,67,0.4,1,1
54,29,1.8,0,0
122,79,13.2,0,1
83,49,2,1,1
94,92,3.5,0,1
59,46,0.4,0,0
42,37,0.5,0,0
128,96,7.7,0,1
65,29,1.3,0,0
36,54,2.5,0,0
44,37,2.1,0,0
41,55,2.5,1,1
69,36,0.3,1,1
53,67,2.7,1,1
124,95,3.5,0,1
37,50,1.1,0,0
58,46,0.4,0,0
140,98,13.2,0,1
41,50,2.6,0,0
122,101,7.4,0,1
76,54,0.3,1,1
44,41,2.2,0,0
16,40,0.6,0,0
100,111,4.3,0,1
137,61,10.3,0,1
78,95,6.9,0,1
70,53,1.1,1,1
100,80,13.7,0,1
66,55,0.8,0,0
56,41,2.8,0,0
102,66,4,0,1
63,51,1.4,1,1
89,129,3.4,0,1
78,68,10.4,0,1
96,93,8.6,0,1
23,74,1.8,1,1
112,112,11.8,0,1
58,42,3,1,1
67,59,0.3,0,0
97,67,9.4,0,1
128,104,6.4,0,1
38,56,1,1,1
74,52,3.3,1,1
106,86,10.9,0,1
103,64,4.2,0,1
139,67,11.2,0,1
63,59,3,1,1
76,56,2.5,1,1
46,45,0.7,0,0
21,42,1.4,0,0
50,39,2,0,0
24,29,1,0,0
51,54,1.8,1,1
64,39,2.5,0,0
59,58,2.7,0,0
134,93,4.5,0,1
103,86,10.4,0,1
123,108,10.5,0,1
32,76,3.8,1,1
11,37,2.1,0,0
92,98,7.5,0,1
63,28,0.7,0,0
65,31,0.2,0,0
45,25,2,0,0
45,53,0.4,1,1
77,60,2.4,1,1
52,30,3.3,1,1
17,59,2.2,0,0
101,65,9.8,0,1
13,39,0.3,0,0
86,65,6.4,0,1
41,29,2.8,0,0
85,98,8.6,0,1
14,38,2.7,0,0
80,53,3.6,1,1
101,73,6.9,0,1
51,54,0.5,0,0
43,53,0.4,0,0
37,29,1.2,0,0
19,54,1.7,1,1
23,39,1.5,0,0
48,45,1.5,0,0
47,39,1.7,0,0
54,59,1.3,0,0
31,42,0.5,0,0
65,56,0.2,1,1
55,29,0.2,0,0
41,79,0.6,1,1
40,35,0.8,0,0
77,66,9.4,0,1
32,41,2.4,0,0
110,115,9.7,0,1
61,71,0.7,1,1
37,27,0.2,0,0
75,105,5.3,0,1
34,42,1.4,0,0
10,29,2.1,0,0
83,77,5.9,0,1
